id                                    , pId                                , name                                                                        , isParent, flag, open , checked
2056dcf5ddc23a1682a4ba9fac3035de      , 0                                  , 利率指数                                                                    , true    ,    0, true , False
3d22add59b29e70bf1ff34f2e2e757c8      , 13e17b5f860224ca88dc571884a414b3   , 综合类指数                                                                  , true    ,    0, true , False
83a6de769da842728bebdd397595ee51      , ef7d79115d9aae38be91df74a9a32ba1   , 按流通场所                                                                  , true    ,    0, false, False
0                                     , -1                                 , 中债指数族系                                                                , true    ,    0, true , False
ef7d79115d9aae38be91df74a9a32ba1      , 13e17b5f860224ca88dc571884a414b3   , 分类指数                                                                    , true    ,    0, true , False
32d6a67894eaa44ce55c27b24b753ee7      , 0                                  , 碳系列指数                                                                  , true    ,    0, true , False
ee18df0b32a1c633541f9183f2d11cac      , ef7d79115d9aae38be91df74a9a32ba1   , 按信用等级                                                                  , true    ,    0, false, False
67bbc3a5b9af-4b85-b1d6-096a962a807d   , 0                                  , 多资产指数                                                                  , true    ,    0, true , False
df8adccb4bb98ce366dd1d240677ef57      , ef7d79115d9aae38be91df74a9a32ba1   , 按待偿期限                                                                  , true    ,    0, false, False
62f6ad8ad6c857dbbc47014365241b22      , ef7d79115d9aae38be91df74a9a32ba1   , 按发行期限                                                                  , true    ,    0, false, False
e3cca5f0924fc65ece8f8d2c74cf97f5      , ef7d79115d9aae38be91df74a9a32ba1   , 按计息方式                                                                  , true    ,    0, false, False
f47f1ac9b6385ba44daea6493ddf833c      , 0                                  , 绿色系列债券指数                                                            , true    ,    0, true , False
fce8a6a12bed2b25217e57c80f17d36b      , ef7d79115d9aae38be91df74a9a32ba1   , 按发行人类型                                                                , true    ,    0, false, False
7147b0a793a4-4b32-8ce7-050c8ecb7c27   , 0                                  , ESG系列债券指数                                                             , true    ,    0, true , False
cef689d1888db98e4bf5bf09cdea2a50      , ef7d79115d9aae38be91df74a9a32ba1   , 按区域                                                                      , true    ,    0, false, False
66634f5f88df-4617-a911-10541268b242   , 0                                  , 主题指数                                                                    , true    ,    0, true , False
13e17b5f860224ca88dc571884a414b3      , 0                                  , 总指数                                                                      , true    ,    0, true , False
7f3f99da544243d4ee201d6b109603fb      , ef7d79115d9aae38be91df74a9a32ba1   , 按中债市场隐含评级                                                          , true    ,    0, false, False
9e024a8a04c88094e46b6a4cfb1abb14      , ef7d79115d9aae38be91df74a9a32ba1   , 按中债行业                                                                  , true    ,    0, false, False
6758847e822fbddaeae05593f240a1a7      , 0                                  , 成分指数                                                                    , true    ,    0, false, False
646f43a68bb3d4b75f35df316b8f6bcf      , 0                                  , 策略指数                                                                    , true    ,    0, false, False
4ec43d0af064d4803c262486111fd80f      , ef7d79115d9aae38be91df74a9a32ba1   , 其他                                                                        , true    ,    0, false, False
1c0d88f431bad357232deeb20e08d28f      , 0                                  , 定制指数                                                                    , true    ,    0, false, False
09db83c878dd-481f-b3f4-1905e19cf805   , 0                                  , 离岸人民币债指数                                                            , true    ,    0, false, False
305897c913a61955620f871c2492939a      , 0                                  , 美元债券指数                                                                , true    ,    0, false, False
f61a07d20938b5afa612a1a826a74f90      , 0                                  , 外币计价指数                                                                , true    ,    0, false, False
44371826a61c63cc9f3647608d7511c8      , 0                                  , 中债iBoxx指数                                                               , true    ,    0, true , False
8a8b2cef6e1ee681016e200a8aa50400      , 1c0d88f431bad357232deeb20e08d28f   , 中债-工行关键期限国债指数                                                   , false   ,    1, false, False
2c9081e50e8767dc010e87954b780011      , e3cca5f0924fc65ece8f8d2c74cf97f5   , 中债-固定利率债券指数                                                       , false   ,    1, false, False
8a8b2cef6b29dfac016b2bc115460040      , cef689d1888db98e4bf5bf09cdea2a50   , 中债-长三角债券综合指数                                                     , false   ,    1, false, False
8a8b2ca03de1b1db013de91f3a6f2aee      , 4ec43d0af064d4803c262486111fd80f   , 中债-中债信用增进公司增信债券指数                                           , false   ,    1, false, False
8a8b2ca0332abed20134ea76d8885831      , 3d22add59b29e70bf1ff34f2e2e757c8   , 中债-新综合指数                                                             , false   ,    1, false, True
8a8b2c8f60be43600160bede8bd80002      , df8adccb4bb98ce366dd1d240677ef57   , 中债-0-3个月国债指数                                                        , false   ,    1, false, False
8a8b2c8f581cfb2f01581db3fd830001      , f61a07d20938b5afa612a1a826a74f90   , 中债-中国高等级债券指数(美元)                                               , false   ,    1, false, False
8a8b2c836775df9801677851e4360d74      , 7f3f99da544243d4ee201d6b109603fb   , 中债-市场隐含评级AAA+信用债指数                                             , false   ,    1, false, False
8a8b2c836308e88d01630b7cc6e701e8_sczs , 2056dcf5ddc23a1682a4ba9fac3035de   , 中债-SDR人民币三个月固定期限利率指数                                        , false   ,    1, false, False
60bb107af9b99b8fb7c6a28ef4b171da      , 66634f5f88df-4617-a911-10541268b242, 中债-金融高质量发展主题债券综合指数                                         , false   ,    1, false, False
2c9081e50e8767dc010e87b6e26c0080      , 62f6ad8ad6c857dbbc47014365241b22   , 中债-七年期国债指数                                                         , false   ,    1, false, False
2c9081e50e8767dc010e87a3326c0039      , 83a6de769da842728bebdd397595ee51   , 中债-银行间债券总指数                                                       , false   ,    1, false, False
8a8b2cef6dcc80c0016dcf2444650bb7      , 09db83c878dd-481f-b3f4-1905e19cf805, 中债-离岸人民币中国主权及政策性金融债指数                                   , false   ,    1, false, False
2c908188111fac07011125068f91044d      , fce8a6a12bed2b25217e57c80f17d36b   , 中债-国开行债券总指数                                                       , false   ,    1, false, False
2c90818810a653dd0110a6664abd0002      , 6758847e822fbddaeae05593f240a1a7   , 中债-短融50指数                                                             , false   ,    1, false, False
f2f0cc574cf5a1b8aac3e8d3f57abb0c_dzc  , 67bbc3a5b9af-4b85-b1d6-096a962a807d, 中债-股债恒定组合5/95指数                                                   , false   ,    1, false, False
b017c9c53c7ad6586b3446129c152616      , ee18df0b32a1c633541f9183f2d11cac   , 中债-AAA评级债券综合指数                                                    , false   ,    1, false, False
GB00BGFPR228_hbzs                     , 44371826a61c63cc9f3647608d7511c8   , iBoxx ChinaBond Government & Policy Banks Bond Index                        , false   ,    0, false, False
984c68bfc0b9263aaad7bd9af36888a3      , f47f1ac9b6385ba44daea6493ddf833c   , 中债-投资优选绿色债券指数                                                   , false   ,    1, false, False
8a962d8c69c31e1e016a0f26a9c0010a      , 305897c913a61955620f871c2492939a   , 中债-投资级中资美元债指数                                                   , false   ,    1, false, False
8a8b2cef71709fc9017170dd8daa000c      , 646f43a68bb3d4b75f35df316b8f6bcf   , 中债-3年恒定久期政策性金融债指数                                            , false   ,    1, false, False
8a8b2cef73c6017e0173c882dd1c7801      , 9e024a8a04c88094e46b6a4cfb1abb14   , 中债-制造行业信用债指数                                                     , false   ,    1, false, False
8a8b2cef75860ac0017587c644a02fde      , 7147b0a793a4-4b32-8ce7-050c8ecb7c27, 中债-ESG优选信用债指数                                                      , false   ,    1, false, False
8a8b2cef7aa21a08017aa48317a73dfd_tpfzs, 32d6a67894eaa44ce55c27b24b753ee7   , 中债-中国碳排放配额现货综合价格指数                                         , false   ,    1, false, False
8a8b2ca0540790160154091b513d370e      , fce8a6a12bed2b25217e57c80f17d36b   , 中债-农发行债券总指数                                                       , false   ,    1, false, False
8a8b2cef6e240cdb016e258eeb133878      , 1c0d88f431bad357232deeb20e08d28f   , 中债-工行1-5年期关键期限政策性金融债指数                                    , false   ,    1, false, False
20e35c92ef7b9a439fcaa8fce5835ea5      , 66634f5f88df-4617-a911-10541268b242, 中债-金融高质量发展主题信用债指数                                           , false   ,    1, false, False
85f86947411dd367018d7f8fde1dc295      , f47f1ac9b6385ba44daea6493ddf833c   , 中债-绿色债券综合指数                                                       , false   ,    1, false, False
f0a558e12cff880b83185f001453d23d_tpfzs, 32d6a67894eaa44ce55c27b24b753ee7   , 中债-中国碳排放配额现货挂牌协议价格指数                                     , false   ,    1, false, False
e64577b1837d486249264f7fe793091a      , ee18df0b32a1c633541f9183f2d11cac   , 中债-短融AAA指数                                                            , false   ,    1, false, False
8a8b2ca055eba5e10155ed6ebc530895      , 83a6de769da842728bebdd397595ee51   , 中债-银行间资产支持证券指数                                                 , false   ,    1, false, False
GB00BGFQ2C03_hbzs                     , 44371826a61c63cc9f3647608d7511c8   , iBoxx ChinaBond Government & Policy Banks Bond Index (EU EOD) (USD Hedged)  , false   ,    0, false, False
5cc7a4278c0c1cc0f82dc018c3c15fd1      , 9e024a8a04c88094e46b6a4cfb1abb14   , 中债-电力行业信用债指数                                                     , false   ,    1, false, False
2c9081e918ad26f40118e90afbee66ae      , 4ec43d0af064d4803c262486111fd80f   , 中债-货币市场基金可投资债券指数                                             , false   ,    1, false, False
978a5b988dfe640d0d083981803d0675_dzc  , 67bbc3a5b9af-4b85-b1d6-096a962a807d, 中债-股债恒定组合10/90指数                                                  , false   ,    1, false, False
8a8b2c836775df980167785153790d6b      , 7f3f99da544243d4ee201d6b109603fb   , 中债-市场隐含评级AAA信用债指数                                              , false   ,    1, false, False
8a8b2c8366e0872b0166e27908f90131      , 6758847e822fbddaeae05593f240a1a7   , 中债-1-3年久期央企20债券指数                                                , false   ,    1, false, False
2c9081e50e8767dc010e8797a5d70019      , e3cca5f0924fc65ece8f8d2c74cf97f5   , 中债-浮动利率债券指数                                                       , false   ,    1, false, False
8a8b2c836308e88d01630b7f2e0b01e9_sczs , 2056dcf5ddc23a1682a4ba9fac3035de   , 中债-金融机构人民币超额存款准备金利率指数                                   , false   ,    1, false, False
8a8b2cef7194ac4e017196d186c6008e      , 646f43a68bb3d4b75f35df316b8f6bcf   , 中债-5年恒定久期政策性金融债指数                                            , false   ,    1, false, False
2c90818811afed8d0111c0c672b31578      , 3d22add59b29e70bf1ff34f2e2e757c8   , 中债-综合指数                                                               , false   ,    1, false, False
8a8b2cef70bc61380170be069828032b      , df8adccb4bb98ce366dd1d240677ef57   , 中债-0-1年国债指数                                                          , false   ,    1, false, False
8a8b2c836303c237016304feb2160006      , cef689d1888db98e4bf5bf09cdea2a50   , 中债-长三角地方政府债指数                                                   , false   ,    1, false, False
8a8b2cef73a1f4f80173a2c0b2a4000e      , 646f43a68bb3d4b75f35df316b8f6bcf   , 中债-信用债价值因子精选策略指数                                             , false   ,    1, false, False
8a8b2cef74419a1a017441efb9630004      , 1c0d88f431bad357232deeb20e08d28f   , 中债-工行1-10年国债及政策性金融债指数                                       , false   ,    1, false, False
8a8b2cef7832f8920178350801470014      , df8adccb4bb98ce366dd1d240677ef57   , 中债-0-10年国债指数                                                         , false   ,    1, false, False
919b67003f58136c9f8949e0576443ad_dzc  , 67bbc3a5b9af-4b85-b1d6-096a962a807d, 中债-股债恒定组合20/80指数                                                  , false   ,    1, false, False
947d07b68357a6e40c93bf839efc2187      , 32d6a67894eaa44ce55c27b24b753ee7   , 中债-电力行业优质转型企业信用债指数                                         , false   ,    1, false, False
GB00BGFQ2F34_hbzs                     , 44371826a61c63cc9f3647608d7511c8   , iBoxx ChinaBond Government & Policy Banks Bond Index (EU EOD) (USD Unhedged), false   ,    0, false, False
0af700ba10feefc9a5191983eaadfc51      , 9e024a8a04c88094e46b6a4cfb1abb14   , 中债-建筑工程行业信用债指数                                                 , false   ,    1, false, False
2c9081e50e8767dc010e879387370009      , 3d22add59b29e70bf1ff34f2e2e757c8   , 中债-总指数                                                                 , false   ,    1, false, False
2c9081e50e8767dc010e87a6a60b0050      , e3cca5f0924fc65ece8f8d2c74cf97f5   , 中债-固定利率国债指数                                                       , false   ,    1, false, False
2c9081e50e8767dc010e87b559ee0078      , 83a6de769da842728bebdd397595ee51   , 中债-银行间国债指数                                                         , false   ,    1, false, False
2c9081e918ad26f40118adc37a600c0d      , ee18df0b32a1c633541f9183f2d11cac   , 中债-短融AA指数                                                             , false   ,    1, false, False
430a7631f7ea66036a91f37e8b4b1c9c      , 66634f5f88df-4617-a911-10541268b242, 中债-共同富裕主题债券指数                                                   , false   ,    1, false, False
8a8b2c836775df980167785085850d62      , 7f3f99da544243d4ee201d6b109603fb   , 中债-市场隐含评级AAA-信用债指数                                             , false   ,    1, false, False
8a8b2ca054079016015408674cce0017      , f47f1ac9b6385ba44daea6493ddf833c   , 中债-中国绿色债券指数                                                       , false   ,    1, false, False
8a8b2ca054ef4e4e0154f0c515eb0002      , fce8a6a12bed2b25217e57c80f17d36b   , 中债-进出口行债券总指数                                                     , false   ,    1, false, False
8a8b2cef6b90dedb016b91a8684a0006      , cef689d1888db98e4bf5bf09cdea2a50   , 中债-0-3年长三角地方政府债指数                                              , false   ,    1, false, False
2c9081e50e8767dc010e87a4bdd20041      , 83a6de769da842728bebdd397595ee51   , 中债-交易所国债指数                                                         , false   ,    1, false, False
2c9081e50e8767dc010e879acb220021      , 3d22add59b29e70bf1ff34f2e2e757c8   , 中债-国债总指数                                                             , false   ,    1, false, False
2c9081e50e8767dc010e87ad08140068      , e3cca5f0924fc65ece8f8d2c74cf97f5   , 中债-固定利率金融债指数                                                     , false   ,    1, false, False
3b9c19a3dd638fd2672c0728fce892a0_dzc  , 67bbc3a5b9af-4b85-b1d6-096a962a807d, 中债-黄金保值债券风险平价指数                                               , false   ,    1, false, False
8a8b2cef73bbb4c60173bc59a0c90006      , 9e024a8a04c88094e46b6a4cfb1abb14   , 中债-煤炭行业信用债指数                                                     , false   ,    1, false, False
8a8b2cef6e1ee681016e20e4245705a6      , 1c0d88f431bad357232deeb20e08d28f   , 中债-工行3-5年信用债指数                                                    , false   ,    1, false, False
8a8b2cef6e19c025016e1bc012e001f3      , cef689d1888db98e4bf5bf09cdea2a50   , 中债-0-5年长三角地方政府债指数                                              , false   ,    1, false, False
8a8b2cef7823857e01782469e9210080      , f47f1ac9b6385ba44daea6493ddf833c   , 中债-碳中和绿色债券指数                                                     , false   ,    1, false, False
8a8b2ca04bf69582014c10b60f376c77      , df8adccb4bb98ce366dd1d240677ef57   , 中债-3-5年期国债指数                                                        , false   ,    1, false, False
33b0248b4ad13542a5e9e6f31eee148e      , ee18df0b32a1c633541f9183f2d11cac   , 中债-短债AAA指数                                                            , false   ,    1, false, False
GB00BGFQ2759_hbzs                     , 44371826a61c63cc9f3647608d7511c8   , iBoxx ChinaBond Government & Policy Banks Bond Index (EU EOD) (EUR Hedged)  , false   ,    0, false, False
8a8b2c836775df980167784a77520d4b      , 7f3f99da544243d4ee201d6b109603fb   , 中债-市场隐含评级AA+信用债指数                                              , false   ,    1, false, False
2e8da3759b4f83e0f0752147738f7fc9      , fce8a6a12bed2b25217e57c80f17d36b   , 中债-进出口行新发关键期限债券指数                                           , false   ,    1, false, False
8a8b2cef7422b3f30174234f30fd0005      , 646f43a68bb3d4b75f35df316b8f6bcf   , 中债-信用债价值因子权重调整策略指数                                         , false   ,    1, false, False
2bdda0eb4cac30c07217f95a25a7a85f_dzc  , 67bbc3a5b9af-4b85-b1d6-096a962a807d, 中债-浦发银行绿色低碳股债优选指数                                           , false   ,    1, false, False
GB00BGFQ2973_hbzs                     , 44371826a61c63cc9f3647608d7511c8   , iBoxx ChinaBond Government & Policy Banks Bond Index (EU EOD) (EUR Unhedged), false   ,    0, false, False
91a9f1103654bc449cf0db6d7aa39325      , 83a6de769da842728bebdd397595ee51   , 中债-交易所短债AAA指数                                                      , false   ,    1, false, False
8a8b2cef73c0db220173c140495c0058      , 9e024a8a04c88094e46b6a4cfb1abb14   , 中债-钢铁行业信用债指数                                                     , false   ,    1, false, False
2c9081e50e8767dc010e87b3b1d60070      , e3cca5f0924fc65ece8f8d2c74cf97f5   , 中债-浮动利率金融债指数                                                     , false   ,    1, false, False
8a8b2cef6ab893c2016aba4c8ee7009f      , 7f3f99da544243d4ee201d6b109603fb   , 中债-市场隐含评级AA信用债指数                                               , false   ,    1, false, False
8a8b2ca047bd1dfe0147d317b62e2158      , 646f43a68bb3d4b75f35df316b8f6bcf   , 中债-中国高等级债券指数                                                     , false   ,    1, false, False
8a8b2ca0447ffe14014486b77f2a0002      , 3d22add59b29e70bf1ff34f2e2e757c8   , 中债-地方政府债指数                                                         , false   ,    1, false, False
8a8b2ca03d393e7c013d39c667963351      , ee18df0b32a1c633541f9183f2d11cac   , 中债-高信用等级中期票据指数                                                 , false   ,    1, false, False
8a8b2ca03a3feea1013a44b98fc533f5      , df8adccb4bb98ce366dd1d240677ef57   , 中债-5年期国债指数                                                          , false   ,    1, false, False
8a8b2c8f5bea4d1b015bebe640530038      , fce8a6a12bed2b25217e57c80f17d36b   , 中债-中国铁路债券指数                                                       , false   ,    1, false, False
8a8b2c8364aa0bb20164abfd957f000f      , cef689d1888db98e4bf5bf09cdea2a50   , 中债-长三角绿色债券指数                                                     , false   ,    1, false, False
562d8e2d9d331c99a7a9f9fefded6907      , f47f1ac9b6385ba44daea6493ddf833c   , 中债-中高等级绿色金融债券指数                                               , false   ,    1, false, False
31d4a4934ca82e11892f6bbb9be0ea04      , 1c0d88f431bad357232deeb20e08d28f   , 中债-工行绿色债券指数                                                       , false   ,    1, false, False
8a8b2c83649fbee90164a24dbbc00013      , cef689d1888db98e4bf5bf09cdea2a50   , 中债-长三角公司信用类债券指数                                               , false   ,    1, false, False
8a8b2ca04b1e4a5b014b2a23197c72c5      , 646f43a68bb3d4b75f35df316b8f6bcf   , 中债-关键期限国债指数                                                       , false   ,    1, false, False
8a8b2cef734f8f3701735061131b014a      , 7f3f99da544243d4ee201d6b109603fb   , 中债-市场隐含评级AA+及以上信用债指数                                        , false   ,    1, false, False
8a8b2c8f5a492a01015a4ac986480043      , df8adccb4bb98ce366dd1d240677ef57   , 中债-7-10年国债指数                                                         , false   ,    1, false, False
8a8b2ca053fd435d0153fefc94100001      , f47f1ac9b6385ba44daea6493ddf833c   , 中债-中国绿色债券精选指数                                                   , false   ,    1, false, False
8a8b2cef73b68e6a0173b92f5e1774c5      , 9e024a8a04c88094e46b6a4cfb1abb14   , 中债-房地产行业信用债指数                                                   , false   ,    1, false, False
2c9081e50e8767dc010e87a9d5650060      , 3d22add59b29e70bf1ff34f2e2e757c8   , 中债-金融债券总指数                                                         , false   ,    1, false, False
8a8b2cef7205f8380172069a51280015      , 1c0d88f431bad357232deeb20e08d28f   , 中债-工银理财优选1-3年信用债指数                                            , false   ,    1, false, False
GB00BQNB2T41_hbzs                     , 44371826a61c63cc9f3647608d7511c8   , iBoxx ChinaBond Asian High Yield (USD Unhedged)                             , false   ,    0, false, False
2c9081e918ad26f401195c3a76a7210f      , fce8a6a12bed2b25217e57c80f17d36b   , 中债-商业银行债券指数                                                       , false   ,    1, false, False
2c9081e918ad26f40118adb5d6910004      , e3cca5f0924fc65ece8f8d2c74cf97f5   , 中债-固定利率企业债指数                                                     , false   ,    1, false, False
a7203b1a1cd42811409204ee8236d232      , ee18df0b32a1c633541f9183f2d11cac   , 中债-0-1年高信用等级中票短融指数                                            , false   ,    1, false, False
2c666b22d481c7eadb52992baa62591c_dzc  , 67bbc3a5b9af-4b85-b1d6-096a962a807d, 中债-北银理财绿色发展风险平价指数                                           , false   ,    1, false, False
9bef82be8d6a72b2f164059a759a6607      , 83a6de769da842728bebdd397595ee51   , 中债-交易所中短债AAA指数                                                    , false   ,    1, false, False
05f743ba6a11b907de8307b89c4fc618      , 83a6de769da842728bebdd397595ee51   , 中债-交易所信用债AAA指数                                                    , false   ,    1, false, False
25895ebd4694c235a33aa9d360b04764_dzc  , 67bbc3a5b9af-4b85-b1d6-096a962a807d, 中债-北银理财京津冀企业高质量发展多元投资指数                               , false   ,    1, false, False
594b0c6f18d6dd3c6af0830d784058fa      , 9e024a8a04c88094e46b6a4cfb1abb14   , 中债-金融行业信用债指数                                                     , false   ,    1, false, False
67525a67987a6abda4e6b7ee5fbcdec9      , ee18df0b32a1c633541f9183f2d11cac   , 中债-0-1年中票短融AAA指数                                                   , false   ,    1, false, False
8a8b2ca04b666362014b723482bc4f49      , df8adccb4bb98ce366dd1d240677ef57   , 中债-10年期国债指数                                                         , false   ,    1, false, False
8a8b2cef6b4dec2d016b4fc04e286e57      , cef689d1888db98e4bf5bf09cdea2a50   , 中债-长三角中高等级信用债指数                                               , false   ,    1, false, False
8a8b2cef700d48ff01700ed16d2b0023      , 646f43a68bb3d4b75f35df316b8f6bcf   , 中债-10年期政策性金融债策略指数                                             , false   ,    1, false, False
928c2552e9b15d784f02b13b53392d53      , fce8a6a12bed2b25217e57c80f17d36b   , 中债-系统重要性银行债券指数                                                 , false   ,    1, false, False
GB00BQNB2R27_hbzs                     , 44371826a61c63cc9f3647608d7511c8   , iBoxx ChinaBond Asian High Yield (USD Hedged)                               , false   ,    0, false, False
c511c7a1a872fb2ca258474e95a45ab8      , 7f3f99da544243d4ee201d6b109603fb   , 中债-商业银行二级资本债券市场隐含评级AA指数                                 , false   ,    1, false, False
d8fbee7a51ae5901ea48aa7948bda83f      , f47f1ac9b6385ba44daea6493ddf833c   , 中债-高等级绿色公司信用类债券指数                                           , false   ,    1, false, False
db78a8ddda8a6ac88bc193055906740a      , e3cca5f0924fc65ece8f8d2c74cf97f5   , 中债-挂钩DR浮动利率政策性银行债指数                                         , false   ,    1, false, False
e8df331cfd44e54f338bf2811716c6da      , 1c0d88f431bad357232deeb20e08d28f   , 中债-农行乡村振兴债券指数                                                   , false   ,    1, false, False
eae41b72f13a22c9b24a0a5887789000      , 3d22add59b29e70bf1ff34f2e2e757c8   , 中债-银行金融债券指数                                                       , false   ,    1, false, False
13e7c5de0c647afe9596037e3ffb7d9d      , 83a6de769da842728bebdd397595ee51   , 中债-0-1年交易所信用债AAA指数                                               , false   ,    1, false, False
3396aaec56be7ba3378976c9387380f3      , 9e024a8a04c88094e46b6a4cfb1abb14   , 中债-非银金融行业信用债指数                                                 , false   ,    1, false, False
3d75e320abd5c3440ddd156de1ee622e      , 7f3f99da544243d4ee201d6b109603fb   , 中债-商业银行无固定期限资本债券市场隐含评级AA指数                           , false   ,    1, false, False
678165887609e2cb84fa87251c33fc08      , e3cca5f0924fc65ece8f8d2c74cf97f5   , 中债-挂钩LPR浮动利率政策性银行债指数                                        , false   ,    1, false, False
890fcfb97ea76876563dfc1771652a22_dzc  , 67bbc3a5b9af-4b85-b1d6-096a962a807d, 中债-利差驱动股债稳健指数                                                   , false   ,    1, false, False
8a8b2c836393f4480163950643d92795      , 646f43a68bb3d4b75f35df316b8f6bcf   , 中债-中高等级公司债利差因子指数                                             , false   ,    1, false, False
8a8b2c8f5a62e9ca015a645fe3b60001      , 3d22add59b29e70bf1ff34f2e2e757c8   , 中债-国债及政策性银行债指数                                                 , false   ,    1, false, False
8a8b2ca03e29cab5013e3a180e064537      , ee18df0b32a1c633541f9183f2d11cac   , 中债-高收益中期票据指数                                                     , false   ,    0, false, False
8a8b2ca056b9a4450156bb2be8df0002      , f47f1ac9b6385ba44daea6493ddf833c   , 中债-中国气候相关债券指数                                                   , false   ,    1, false, False
8a8b2cef709854b501709a027fe4002f      , cef689d1888db98e4bf5bf09cdea2a50   , 中债-长江经济带债券综合指数                                                 , false   ,    1, false, False
8a8b2cef77b239980177b485d20a6379      , df8adccb4bb98ce366dd1d240677ef57   , 中债-30年期国债指数                                                         , false   ,    1, false, False
a08e1c9454a616491f5bf6431f2591b0      , fce8a6a12bed2b25217e57c80f17d36b   , 中债-系统重要性银行同业存单指数                                             , false   ,    1, false, False
abea1402e6dd628d02118bca571783cb      , 1c0d88f431bad357232deeb20e08d28f   , 中债-中银绿色债券指数                                                       , false   ,    1, false, False
287bfa8756b47b153afa85ec37511dce      , df8adccb4bb98ce366dd1d240677ef57   , 中债-0-1年政策性金融债指数                                                  , false   ,    1, false, False
2c9081e91da03927011dcc4fae9f6171      , ee18df0b32a1c633541f9183f2d11cac   , 中债-高信用等级债券指数                                                     , false   ,    1, false, False
469f1601d2b76750b82945b145e90992      , fce8a6a12bed2b25217e57c80f17d36b   , 中债-国有大型商业银行及股份制商业银行债券指数                               , false   ,    1, false, False
80e6aa811418a5b9ac810c93ac381fed      , f47f1ac9b6385ba44daea6493ddf833c   , 中债-投资级公司绿色债券精选指数                                             , false   ,    1, false, False
8a8b2c836709ba0b01670ac05ce10005      , 646f43a68bb3d4b75f35df316b8f6bcf   , 中债-1-3年期国债活跃券指数                                                  , false   ,    1, false, False
8a8b2ca038d716f10138dadde8416adc      , 3d22add59b29e70bf1ff34f2e2e757c8   , 中债-信用债总指数                                                           , false   ,    1, false, False
8a8b2cef709d7b1201709f29b09f0084      , cef689d1888db98e4bf5bf09cdea2a50   , 中债-长江经济带地方政府债指数                                               , false   ,    1, false, False
97daa17f7c53a5489c2875f1330be645      , 83a6de769da842728bebdd397595ee51   , 中债-1-3年交易所信用债AAA指数                                               , false   ,    1, false, False
987527eff930a4986a5044a80cadae9e      , 1c0d88f431bad357232deeb20e08d28f   , 中债-中银理财高信用等级同业存单指数                                         , false   ,    1, false, False
be7c06428db67138d7526a53dfbc7ff4_sczs , 67bbc3a5b9af-4b85-b1d6-096a962a807d, 中债-国泰海通中国股债均衡策略指数                                           , false   ,    1, false, False
e65b5cdf6e3e04c7892bdfd1ccc1e2dc      , 9e024a8a04c88094e46b6a4cfb1abb14   , 中债-公路行业信用债指数                                                     , false   ,    1, false, False
2c90818811d3f4fa01123837e6b30d4a      , 3d22add59b29e70bf1ff34f2e2e757c8   , 中债-企业债总指数                                                           , false   ,    1, false, False
398f40c1c8dd2081f6e1ee478b768dbb      , 1c0d88f431bad357232deeb20e08d28f   , 中债-中银理财高等级乡村振兴债券指数                                         , false   ,    1, false, False
5b78d41604e06e90b720144a6a956c67      , ee18df0b32a1c633541f9183f2d11cac   , 中债-高等级信用债综合指数                                                   , false   ,    1, false, False
62763c1cc15d21813b8170ea9ef09fc5      , 83a6de769da842728bebdd397595ee51   , 中债-0-3年交易所信用债AAA指数                                               , false   ,    1, false, False
78598fc1ac4a8f2d327577e0481b065c      , fce8a6a12bed2b25217e57c80f17d36b   , 中债-国有大型商业银行及股份制商业银行同业存单指数                           , false   ,    1, false, False
8a8b2c83670ee4e80167103f930c006e      , 646f43a68bb3d4b75f35df316b8f6bcf   , 中债-5-10年期国债活跃券指数                                                 , false   ,    1, false, False
8a8b2cef6d4bc1c2016d4caa15e8254a      , cef689d1888db98e4bf5bf09cdea2a50   , 中债-京津冀债券综合指数                                                     , false   ,    1, false, False
8a8b2cef7a30ce25017a31baaf4d03b9      , df8adccb4bb98ce366dd1d240677ef57   , 中债-0-2年政策性金融债指数                                                  , false   ,    1, false, False
ac478f286376cf14bf6cbc68ca0aa284      , f47f1ac9b6385ba44daea6493ddf833c   , 中债-银行间碳中和债券指数                                                   , false   ,    1, false, False
37a60515edb02fe8dab961d9c7035a95      , f47f1ac9b6385ba44daea6493ddf833c   , 中债-银行间高等级碳中和债券指数                                             , false   ,    1, false, False
85e9dc831c7335636e8f540bf6c63f41      , df8adccb4bb98ce366dd1d240677ef57   , 中债-0-3年政策性金融债指数                                                  , false   ,    1, false, False
8a8b2c8367f69e950167f7b549f00005      , fce8a6a12bed2b25217e57c80f17d36b   , 中债-国有大型商业银行及股份制商业银行二级资本债券指数                       , false   ,    1, false, False
8a8b2ca038f905c70139b9b3ab9660bb      , ee18df0b32a1c633541f9183f2d11cac   , 中债-高信用等级新财富指数                                                   , false   ,    1, false, False
8a8b2ca050d9e35d0150da6758462c78      , 3d22add59b29e70bf1ff34f2e2e757c8   , 中债-公司债总指数                                                           , false   ,    1, false, False
8a8b2cef6d4bc1c2016d4c96069c24fb      , cef689d1888db98e4bf5bf09cdea2a50   , 中债-京津冀地方政府债指数                                                   , false   ,    1, false, False
8a8b2cef6dcc80c0016dcdb7f0eb000c      , 1c0d88f431bad357232deeb20e08d28f   , 中债-交行0-5年长三角债券优选指数                                            , false   ,    1, false, False
963fc157a1f34898dd4071a355ea13bd      , 83a6de769da842728bebdd397595ee51   , 中债-交易所科技创新债券指数                                                 , false   ,    1, false, False
412e41ffbb1720f863d2d43b7d4bad7c      , df8adccb4bb98ce366dd1d240677ef57   , 中债-0-5年政策性金融债指数                                                  , false   ,    1, false, False
8a8b2ca03a59370a013a676d717923da      , 3d22add59b29e70bf1ff34f2e2e757c8   , 中债-公司信用类债券指数                                                     , false   ,    1, false, False
8a8b2cef6db2c0f4016db432c17f0667      , cef689d1888db98e4bf5bf09cdea2a50   , 中债-京津冀绿色债券指数                                                     , false   ,    1, false, False
8a8b2cef771294700177144288381a6c      , ee18df0b32a1c633541f9183f2d11cac   , 中债-优选投资级信用债指数                                                   , false   ,    1, false, False
9da7e47f35b11c98cced95e4fb71b596      , f47f1ac9b6385ba44daea6493ddf833c   , 中债-银行间绿色债券指数                                                     , false   ,    1, false, False
af109288145de0c9a36332a4fb3d06c1      , fce8a6a12bed2b25217e57c80f17d36b   , 中债-国有大型商业银行同业存单指数                                           , false   ,    1, false, False
ebd9f5ac057709c3fe5a375773e0c62d      , 1c0d88f431bad357232deeb20e08d28f   , 中债-交行长三角ESG优选信用债指数                                            , false   ,    1, false, False
1398633fe32c4076f596530652d2f9bb      , fce8a6a12bed2b25217e57c80f17d36b   , 中债-股份制商业银行同业存单指数                                             , false   ,    1, false, False
8a8b2c8367dcdec60167de36a193157d      , ee18df0b32a1c633541f9183f2d11cac   , 中债-1-3年AAA信用债指数                                                     , false   ,    1, false, False
8a8b2c8f5d33e42a015d35796c3f5909      , df8adccb4bb98ce366dd1d240677ef57   , 中债-1-3年政策性金融债指数                                                  , false   ,    1, false, False
8a8b2c8f611af5db01611cb3586c00f0      , 3d22add59b29e70bf1ff34f2e2e757c8   , 中债-同业存单总指数                                                         , false   ,    1, false, False
8a8b2cef6d4bc1c2016d4ca23ef4251b      , cef689d1888db98e4bf5bf09cdea2a50   , 中债-京津冀公司信用类债券指数                                               , false   ,    1, false, False
8a8b2cef6dd6cd77016dd88a7e7d002c      , 1c0d88f431bad357232deeb20e08d28f   , 中债-招商银行优选信用债指数                                                 , false   ,    1, false, False
9fa9718155dceab39e5149af665f68a7      , f47f1ac9b6385ba44daea6493ddf833c   , 中债-银行间高等级绿色债券指数                                               , false   ,    1, false, False
2c90818811d3f4fa0111d5ed286b7367      , 3d22add59b29e70bf1ff34f2e2e757c8   , 中债-短融总指数                                                             , false   ,    1, false, False
61dc05e67fe9af6c9e5b23c80db18242      , ee18df0b32a1c633541f9183f2d11cac   , 中债-0-3年中高等级信用债指数                                                , false   ,    1, false, False
6357eef4131197707f812ea9a7530a53      , 1c0d88f431bad357232deeb20e08d28f   , 中债-浦发银行ESG精选债券指数                                                , false   ,    1, false, False
69d9058162f12b108ad0cb6e58c263c5      , cef689d1888db98e4bf5bf09cdea2a50   , 中债-京津冀1-3年国有企业信用债精选指数                                      , false   ,    1, false, False
81303c95d362b50182547f7385469b7b      , fce8a6a12bed2b25217e57c80f17d36b   , 中债-高信用等级城市商业银行及农村商业银行债券指数                           , false   ,    1, false, False
8a8b2c8368e383220168e4c1518f00e9      , df8adccb4bb98ce366dd1d240677ef57   , 中债-1-5年政策性金融债指数                                                  , false   ,    1, false, False
f81e213ceda33cb9bacf35da8a2df9d3      , f47f1ac9b6385ba44daea6493ddf833c   , 中债-0-1年绿色中票短融指数                                                  , false   ,    1, false, False
0bb01422038bb4086e8baa8f648574e8      , fce8a6a12bed2b25217e57c80f17d36b   , 中债-高信用等级城市商业银行及农村商业银行同业存单指数                       , false   ,    1, false, False
2c9081e91ebc9e41011ec8c7c0440001      , 3d22add59b29e70bf1ff34f2e2e757c8   , 中债-中期票据总指数                                                         , false   ,    1, false, False
6e1844f85237e1e758531babf0d9b821      , f47f1ac9b6385ba44daea6493ddf833c   , 中债-0-3年绿色债券综合指数                                                  , false   ,    1, false, False
8a8b2c836751d31701675383b33b008a      , df8adccb4bb98ce366dd1d240677ef57   , 中债-3-5年政策性金融债指数                                                  , false   ,    1, false, False
8a8b2cef6bba11bd016bbabbfe31001b      , ee18df0b32a1c633541f9183f2d11cac   , 中债-0-3年AA+优选信用债指数                                                 , false   ,    1, false, False
8a8b2cef74adbfab0174afbea5434943      , cef689d1888db98e4bf5bf09cdea2a50   , 中债-粤港澳大湾区债券综合指数                                               , false   ,    1, false, False
d69df7413ed6e76fa5b9b20ba9e7c0ec      , 1c0d88f431bad357232deeb20e08d28f   , 中债-绿色普惠主题金融债券优选指数                                           , false   ,    1, false, False
0de96406d19a7ab66c7869bbbda8d549      , df8adccb4bb98ce366dd1d240677ef57   , 中债-5-10年政策性金融债指数                                                 , false   ,    1, false, False
103c0fdb82c06b6b9d7ec09f28b8b615      , 1c0d88f431bad357232deeb20e08d28f   , 中债-浦银理财新质生产力发展债券指数                                         , false   ,    1, false, False
13fe6e5cd6a84a3038b8a5d46c7a38cb      , fce8a6a12bed2b25217e57c80f17d36b   , 中债-城市商业银行及农村商业银行债券AAA指数                                  , false   ,    1, false, False
26a241dcc95bfd57b3ebaafd4264db03      , f47f1ac9b6385ba44daea6493ddf833c   , 中债-0-3年高等级绿色债券综合指数                                            , false   ,    1, false, False
8a8b2ca0375f977f0138c2c322474b06      , 3d22add59b29e70bf1ff34f2e2e757c8   , 中债-新中期票据总指数                                                       , false   ,    1, false, False
8a8b2ca03e4dd765013e6312d6462a1b      , ee18df0b32a1c633541f9183f2d11cac   , 中债-高信用等级企业债指数                                                   , false   ,    1, false, False
8a8b2cef74b8f0c10174bac93afe436a      , cef689d1888db98e4bf5bf09cdea2a50   , 中债-粤港澳大湾区信用债指数                                                 , false   ,    1, false, False
8a8b2c836770b93c0167727e6d6e01e6      , df8adccb4bb98ce366dd1d240677ef57   , 中债-7-10年政策性金融债指数                                                 , false   ,    1, false, False
8a8b2ca0408e9fa7014094a20f21001f      , ee18df0b32a1c633541f9183f2d11cac   , 中债-企业债AAA指数                                                          , false   ,    1, false, False
8a8b2cef6b4dec2d016b4ebb4ec36c3f      , 1c0d88f431bad357232deeb20e08d28f   , 中债-民生民营企业公司信用类债券指数                                         , false   ,    1, false, False
8a8b2cef74510d2f0174529d5a9f35b4      , 3d22add59b29e70bf1ff34f2e2e757c8   , 中债-资产支持证券指数                                                       , false   ,    1, false, False
8a8b2cef747519b5017476a72ce653a2      , cef689d1888db98e4bf5bf09cdea2a50   , 中债-粤港澳大湾区绿色债券指数                                               , false   ,    1, false, False
8b8f70506d65f4675233a32c903ad552      , fce8a6a12bed2b25217e57c80f17d36b   , 中债-城市商业银行及农村商业银行同业存单AAA指数                              , false   ,    1, false, False
a3bd37a345ced14ae86e66cee43f7371      , f47f1ac9b6385ba44daea6493ddf833c   , 中债-0-3年高等级绿色信用债指数                                              , false   ,    1, false, False
03ffb378810766ab90ec7e959fadc3c0      , cef689d1888db98e4bf5bf09cdea2a50   , 中债-成渝地区双城经济圈国有企业信用债精选指数                               , false   ,    1, false, False
8a8b2c8f57df2edc0157e1163014176e      , 1c0d88f431bad357232deeb20e08d28f   , 中债-兴业绿色债券指数                                                       , false   ,    1, false, False
8a8b2ca03dbda555013dc9ed1a7365f8      , df8adccb4bb98ce366dd1d240677ef57   , 中债-5年期金融债指数                                                        , false   ,    1, false, False
8a8b2ca0408e9fa701409edf078f26c0      , ee18df0b32a1c633541f9183f2d11cac   , 中债-企业债AA+指数                                                          , false   ,    1, false, False
8a8b2cef6b96053a016b982c95e7001f      , 3d22add59b29e70bf1ff34f2e2e757c8   , 中债-个人住房抵押贷款资产支持证券指数                                       , false   ,    1, false, False
d2a86b6cf61cad4917d86ee30af27cee      , f47f1ac9b6385ba44daea6493ddf833c   , 中债-0-3年高等级绿色公司信用类债券指数                                      , false   ,    1, false, False
f8cbf35f3095aa44006f7fc7c506176d      , fce8a6a12bed2b25217e57c80f17d36b   , 中债-高信用等级农村商业银行债券优选指数                                     , false   ,    1, false, False
8a8b2ca0408e9fa70140949f012d0002      , ee18df0b32a1c633541f9183f2d11cac   , 中债-企业债AA指数                                                           , false   ,    1, false, False
8a8b2ca055135ad301551536120b6bef      , df8adccb4bb98ce366dd1d240677ef57   , 中债-5年期国债期货期限匹配金融债指数                                        , false   ,    1, false, False
8a8b2cef73f981130173fb0649da0014      , 1c0d88f431bad357232deeb20e08d28f   , 中债-华夏理财ESG优选债券策略指数                                            , false   ,    1, false, False
8a8b2cef7456338c017456818eba000a      , cef689d1888db98e4bf5bf09cdea2a50   , 中债-北京市地方政府债指数                                                   , false   ,    1, false, False
8a8b2cef7682625f0176835c7a840070      , 3d22add59b29e70bf1ff34f2e2e757c8   , 中债-投资优选综合指数                                                       , false   ,    1, false, False
d0df76dc4485ecd520c870d81703645c      , f47f1ac9b6385ba44daea6493ddf833c   , 中债-京津冀绿色债券综合指数                                                 , false   ,    1, false, False
2551cfa3eea577a3ca71d51bceca6f8f      , f47f1ac9b6385ba44daea6493ddf833c   , 中债-长三角绿色债券综合指数                                                 , false   ,    1, false, False
89019c1cbbe64a34698165eecc7e7417      , 1c0d88f431bad357232deeb20e08d28f   , 中债-平安理财ESG优选绿色债券指数                                            , false   ,    1, false, False
8a8b2ca0406a93470140800885d20b7f      , ee18df0b32a1c633541f9183f2d11cac   , 中债-企业债AA-指数                                                          , false   ,    1, false, False
8a8b2ca055135ad301551549f77c7ec6      , df8adccb4bb98ce366dd1d240677ef57   , 中债-10年期国债期货期限匹配金融债指数                                       , false   ,    1, false, False
8a8b2cef7408f4280174096a89a04112      , cef689d1888db98e4bf5bf09cdea2a50   , 中债-上海市地方政府债指数                                                   , false   ,    1, false, False
8a8b2cef7a35f47f017a37c76654232d      , 3d22add59b29e70bf1ff34f2e2e757c8   , 中债-投资优选国债指数                                                       , false   ,    1, false, False
7fd4e2eda73794d409e592448adb8c25      , f47f1ac9b6385ba44daea6493ddf833c   , 中债-粤港澳大湾区绿色债券综合指数                                           , false   ,    1, false, False
8a8b2c8369455bf001694679d016038a      , df8adccb4bb98ce366dd1d240677ef57   , 中债-0-2年国开行债券指数                                                    , false   ,    1, false, False
8a8b2ca03e88932b013e88b9d6290001      , ee18df0b32a1c633541f9183f2d11cac   , 中债-高收益企业债指数                                                       , false   ,    1, false, False
8a8b2cef7456338c017458e2e0da3e33      , cef689d1888db98e4bf5bf09cdea2a50   , 中债-天津市地方政府债指数                                                   , false   ,    1, false, False
8a8b2cef7a404137017a424e54cb7859      , 3d22add59b29e70bf1ff34f2e2e757c8   , 中债-投资优选政策性金融债指数                                               , false   ,    1, false, False
f711877ede9c7aa67bfe326721c2137e      , 1c0d88f431bad357232deeb20e08d28f   , 中债-平安人寿ESG整合策略信用债指数                                          , false   ,    1, false, False
7ebdf1292c65a1bcfcdab7546919312c      , f47f1ac9b6385ba44daea6493ddf833c   , 中债-长江经济带绿色债券综合指数                                             , false   ,    1, false, False
8a8b2cef6b439f77016b46a4d5851547      , df8adccb4bb98ce366dd1d240677ef57   , 中债-0-3年国开行债券指数                                                    , false   ,    1, false, False
8a8b2cef744be6d401744ebe4e6568c2      , cef689d1888db98e4bf5bf09cdea2a50   , 中债-重庆市地方政府债指数                                                   , false   ,    1, false, False
8a8b2cef7a404137017a4245018a7011      , 3d22add59b29e70bf1ff34f2e2e757c8   , 中债-投资优选地方政府债指数                                                 , false   ,    1, false, False
b9a6d06e9b6458c9062f08a1dc75fd30      , 1c0d88f431bad357232deeb20e08d28f   , 中债-北京银行高信用等级城市商业银行债券指数                                 , false   ,    1, false, False
f187fd9f8ee0d88f9a59323d6a709e34      , ee18df0b32a1c633541f9183f2d11cac   , 中债-高信用等级银行金融债券指数                                             , false   ,    1, false, False
044bcb6ca838039cbed87d2bd58d5316      , df8adccb4bb98ce366dd1d240677ef57   , 中债-0-5年国开行债券指数                                                    , false   ,    1, false, False
608e6e23ec091fdc8c879481ac979b19      , f47f1ac9b6385ba44daea6493ddf833c   , 中债-黄河流域绿色债券综合指数                                               , false   ,    1, false, False
81d917dad85d7ce95f51bc644484e1ff      , ee18df0b32a1c633541f9183f2d11cac   , 中债-银行金融债券AAA指数                                                    , false   ,    1, false, False
8a8b2c8368e383220168e4bae68500c9      , cef689d1888db98e4bf5bf09cdea2a50   , 中债-湖北省地方政府债指数                                                   , false   ,    1, false, False
8a8b2cef771ce12601771df60d924fdb      , 3d22add59b29e70bf1ff34f2e2e757c8   , 中债-投资优选信用债指数                                                     , false   ,    1, false, False
e478b927bfef3db43a051a0b1d812593      , 1c0d88f431bad357232deeb20e08d28f   , 中债-天津银行京津冀ESG主题精选信用债指数                                    , false   ,    1, false, False
00474c7a00eb73ca32a23a6861b4a418      , f47f1ac9b6385ba44daea6493ddf833c   , 中债-中高等级京津冀绿色债券指数                                             , false   ,    1, false, False
185bb3883f838a1fdfe60e9ca37f4b43      , 1c0d88f431bad357232deeb20e08d28f   , 中债-北京农商银行中高信用等级农村商业银行金融债券指数                       , false   ,    1, false, False
6dd638194bb5a5f2de90bd7133192953      , 3d22add59b29e70bf1ff34f2e2e757c8   , 中债-投资优选信用债分散指数                                                 , false   ,    1, false, False
8a8b2c83638ecdf001638ffed9ae0007      , df8adccb4bb98ce366dd1d240677ef57   , 中债-1-3年国开行债券指数                                                    , false   ,    1, false, False
8a8b2cef730c9c8f01730d1816ce0066      , cef689d1888db98e4bf5bf09cdea2a50   , 中债-河南省地方政府债指数                                                   , false   ,    1, false, False
e36b9dc1620a0dc7ee027cca1663c526      , ee18df0b32a1c633541f9183f2d11cac   , 中债-银行普通债券AAA指数                                                    , false   ,    1, false, False
103a161c9927a9ae41e38f0887bbd33e      , 3d22add59b29e70bf1ff34f2e2e757c8   , 中债-投资优选活跃信用债指数                                                 , false   ,    1, false, False
1432826c10c29fdd3b75258378e45aa1      , f47f1ac9b6385ba44daea6493ddf833c   , 中债-中高等级长三角绿色债券指数                                             , false   ,    1, false, False
48fc8dfb472c5498c6612cd5151647d8      , ee18df0b32a1c633541f9183f2d11cac   , 中债-高信用等级同业存单指数                                                 , false   ,    1, false, False
8a8b2c8367ec51dc0167ed808dc3001b      , df8adccb4bb98ce366dd1d240677ef57   , 中债-1-5年国开行债券指数                                                    , false   ,    1, false, False
8a8b2cef7109a09c01710c04f8bb41fd      , cef689d1888db98e4bf5bf09cdea2a50   , 中债-四川省地方政府债指数                                                   , false   ,    1, false, False
8a8b2cef7a11e7fc017a13fe7446002a      , 1c0d88f431bad357232deeb20e08d28f   , 中债-国寿资产ESG信用债精选指数                                              , false   ,    1, false, False
5846dca288299ac125539d6600c07853      , 1c0d88f431bad357232deeb20e08d28f   , 中债-长江养老年金基金债券指数                                               , false   ,    1, false, False
8a8b2c8f59a45e7e0159a4da46990001      , df8adccb4bb98ce366dd1d240677ef57   , 中债-3-5年国开行债券指数                                                    , false   ,    1, false, False
8a8b2cef7132d3800171330128ec0002      , cef689d1888db98e4bf5bf09cdea2a50   , 中债-云南省地方政府债指数                                                   , false   ,    1, false, False
b15ef8073f38d8962cd7728a857f5cc8      , ee18df0b32a1c633541f9183f2d11cac   , 中债-同业存单AAA指数                                                        , false   ,    1, false, False
cc2b58ce2230e6097b7b32447406c783      , f47f1ac9b6385ba44daea6493ddf833c   , 中债-中高等级粤港澳大湾区绿色债券指数                                       , false   ,    1, false, False
f5517678561c457f03b6d74c06440a3d      , 3d22add59b29e70bf1ff34f2e2e757c8   , 中债-投资优选国际信用评级投资级信用债分散指数                               , false   ,    1, false, False
8a8b2c8f5f465323015f4807db4f0245      , df8adccb4bb98ce366dd1d240677ef57   , 中债-3-7年国开行债券指数                                                    , false   ,    1, false, False
8a8b2ca0515fc8a60151618b84483c9a      , 1c0d88f431bad357232deeb20e08d28f   , 平安中债-可投资级信用债指数                                                 , false   ,    1, false, False
8a8b2cef7132d3800171333ba262010c      , cef689d1888db98e4bf5bf09cdea2a50   , 中债-湖南省地方政府债指数                                                   , false   ,    1, false, False
d1c9c790faf3cac79edabc6d6068edf7      , ee18df0b32a1c633541f9183f2d11cac   , 中债-6-12个月AAA同业存单指数                                                , false   ,    1, false, False
d20fbfd3ed04a7261a0572967ffc06c3      , 3d22add59b29e70bf1ff34f2e2e757c8   , 中债-投资优选国际信用评级投资级活跃信用债指数                               , false   ,    1, false, False
d3c82122ac871f08eb5bf877065e5377      , f47f1ac9b6385ba44daea6493ddf833c   , 中债-中高等级长江经济带绿色债券指数                                         , false   ,    1, false, False
429c1ff7661c2abacdbcb5718a3cb5f6      , ee18df0b32a1c633541f9183f2d11cac   , 中债-同业存单AA+指数                                                        , false   ,    1, false, False
4e808b033318be271f9b2063693a12ef      , 3d22add59b29e70bf1ff34f2e2e757c8   , 中债-投资级公司信用债综合指数                                               , false   ,    1, false, False
8a8b2c8366e5ad870166e8bb4f663dc1      , df8adccb4bb98ce366dd1d240677ef57   , 中债-5-10年国开行债券指数                                                   , false   ,    1, false, False
8a8b2cef70eaba740170ed2c79b44c04      , cef689d1888db98e4bf5bf09cdea2a50   , 中债-山东省地方政府债指数                                                   , false   ,    1, false, False
bfbeeed1994639dcd0e0b94fda306b56      , f47f1ac9b6385ba44daea6493ddf833c   , 中债-高等级黄河流域绿色债券指数                                             , false   ,    1, false, False
1df5ae3062c141068d592f03bc52a6af      , ee18df0b32a1c633541f9183f2d11cac   , 中债-高信用等级短融指数                                                     , false   ,    1, false, False
8a8b2ca05242607601524498b2133d9a      , df8adccb4bb98ce366dd1d240677ef57   , 中债-7-10年国开行债券指数                                                   , false   ,    1, false, False
8a8b2cef7109a09c01710c1c2d04478e      , cef689d1888db98e4bf5bf09cdea2a50   , 中债-浙江省地方政府债指数                                                   , false   ,    1, false, False
8d397b018e0ce97d58dedc3ef41ddf36      , 3d22add59b29e70bf1ff34f2e2e757c8   , 中债-投资级公司信用债精选指数                                               , false   ,    1, false, False
be73e8263fc20359521707abd6db45b3      , f47f1ac9b6385ba44daea6493ddf833c   , 中债-投资级主题绿色债券优选指数                                             , false   ,    1, false, False
8a8b2c8368a5b6da0168a6bd29e80017      , cef689d1888db98e4bf5bf09cdea2a50   , 中债-江苏省地方政府债指数                                                   , false   ,    1, false, False
8a8b2c8f5c60bf75015c63296c8f3867      , df8adccb4bb98ce366dd1d240677ef57   , 中债-7-20年国开行债券指数                                                   , false   ,    1, false, False
8a8b2cef7311c2e70173135cdcb70301      , 1c0d88f431bad357232deeb20e08d28f   , 中债-中信证券2年期国债期货优选可交割券指数                                  , false   ,    1, false, False
9883fcadeac6d8c22204f0c749e4cf08      , ee18df0b32a1c633541f9183f2d11cac   , 中债-商业银行债券AAA指数                                                    , false   ,    1, false, False
cec6a61bd8827e306fcba8f195a4903f      , 3d22add59b29e70bf1ff34f2e2e757c8   , 中债-乡村振兴债券综合指数                                                   , false   ,    1, false, False
1a985201e4c5ceecdde9610e43a0fd35      , ee18df0b32a1c633541f9183f2d11cac   , 中债-高信用等级商业银行债券指数                                             , false   ,    1, false, False
8a8b2c8f58b2539f0158b4358a8e1691      , df8adccb4bb98ce366dd1d240677ef57   , 中债-10-20年国开行债券指数                                                  , false   ,    1, false, False
8a8b2cef7109a09c01710c14d2a74415      , cef689d1888db98e4bf5bf09cdea2a50   , 中债-广东省地方政府债指数                                                   , false   ,    1, false, False
8a8b2cef734542800173460c4f550244      , 1c0d88f431bad357232deeb20e08d28f   , 中债-中信证券5年期国债期货优选可交割券指数                                  , false   ,    1, false, False
a485ef64ce0ae0f1f5cc088671e87d8f      , 3d22add59b29e70bf1ff34f2e2e757c8   , 中债-科技创新债券指数                                                       , false   ,    1, false, False
3c94ebab97ab6edf12ca14e452977115      , ee18df0b32a1c633541f9183f2d11cac   , 中债-银行间市场信用债AAA指数                                                , false   ,    1, false, False
7dc84c0f21a71b97931fd7abadc78433      , 3d22add59b29e70bf1ff34f2e2e757c8   , 中债-科技创新及绿色债券指数                                                 , false   ,    1, false, False
8a8b2cef730c9c8f01730e79bade0185      , cef689d1888db98e4bf5bf09cdea2a50   , 中债-贵州省地方政府债指数                                                   , false   ,    1, false, False
8a8b2cef734a68db01734c47a3420114      , 1c0d88f431bad357232deeb20e08d28f   , 中债-中信证券10年期国债期货优选可交割券指数                                 , false   ,    1, false, False
9f5f8148a502cd0d6276b16c798282f1      , df8adccb4bb98ce366dd1d240677ef57   , 中债-0-3年农发行债券指数                                                    , false   ,    1, false, False
5e21777b1e179d595ebd9a78a6b89bf7      , 3d22add59b29e70bf1ff34f2e2e757c8   , 中债-科技创新绿色普惠主题债券综合指数                                       , false   ,    1, false, False
650aa720bac6f7d57dcb08a11c7fdd76      , df8adccb4bb98ce366dd1d240677ef57   , 中债-0-5年农发行债券指数                                                    , false   ,    1, false, False
8a8b2c83694a824d01694c5d53d6000a      , 1c0d88f431bad357232deeb20e08d28f   , 中债-中信证券国债及地方政府债精选指数                                       , false   ,    1, false, False
8a8b2cef730c9c8f01730d8ca18b00ee      , cef689d1888db98e4bf5bf09cdea2a50   , 中债-河北省地方政府债指数                                                   , false   ,    1, false, False
9ced53d3f93b8cb9509a80d294086876      , ee18df0b32a1c633541f9183f2d11cac   , 中债-中期票据AAA指数                                                        , false   ,    1, false, False
6b227923cd44064bbf239a69f70f09ae      , 3d22add59b29e70bf1ff34f2e2e757c8   , 中债-科技创新绿色普惠主题信用债指数                                         , false   ,    1, false, False
8a8b2c83689643bc0168985a433e000e      , 1c0d88f431bad357232deeb20e08d28f   , 中债-中信证券精选高等级资产支持证券指数                                     , false   ,    1, false, False
8a8b2c8f5e115590015e123b2569006c      , df8adccb4bb98ce366dd1d240677ef57   , 中债-1-3年农发行债券指数                                                    , false   ,    1, false, False
8a8b2cef7311c2e7017312b23a650130      , cef689d1888db98e4bf5bf09cdea2a50   , 中债-安徽省地方政府债指数                                                   , false   ,    1, false, False
ca7f4de2681f726e0d1268fd6f646788      , ee18df0b32a1c633541f9183f2d11cac   , 中债-高信用等级商业银行无固定期限及二级资本债券指数                         , false   ,    1, false, False
3f6da52f1d57886271979d928af5a203      , ee18df0b32a1c633541f9183f2d11cac   , 中债-商业银行二级资本债券AAA指数                                            , false   ,    1, false, False
8a8b2c8366ead3e30166ece4a24207dc      , df8adccb4bb98ce366dd1d240677ef57   , 中债-1-5年农发行债券指数                                                    , false   ,    1, false, False
8a8b2c8368edcfd70168f08992c6153a      , 3d22add59b29e70bf1ff34f2e2e757c8   , 中债-金融机构二级资本债券总指数                                             , false   ,    1, false, False
8a8b2cef73265c58017326e66e310005      , cef689d1888db98e4bf5bf09cdea2a50   , 中债-辽宁省地方政府债指数                                                   , false   ,    1, false, False
8a8b2cef7740edb1017743079b27001d_sczs , 1c0d88f431bad357232deeb20e08d28f   , 中债-中信证券RMBS条件早偿率指数                                             , false   ,    0, false, False
0b96ff2a2948a75625e2319b49446633      , 3d22add59b29e70bf1ff34f2e2e757c8   , 中债-商业银行无固定期限及二级资本债券指数                                   , false   ,    1, false, False
6b12c39d52c331dd5e3d1aabc4d9b5a6      , ee18df0b32a1c633541f9183f2d11cac   , 中债-商业银行无固定期限资本债券AAA指数                                      , false   ,    1, false, False
8a8b2c83633741c401633816a38d0004      , df8adccb4bb98ce366dd1d240677ef57   , 中债-3-5年农发行债券指数                                                    , false   ,    1, false, False
8a8b2cef7311c2e701731364881d032a      , cef689d1888db98e4bf5bf09cdea2a50   , 中债-内蒙古自治区地方政府债指数                                             , false   ,    1, false, False
8a8b2cef746ff35701747203d0402708      , 1c0d88f431bad357232deeb20e08d28f   , 中债-中信证券1-5年山西省国有企业信用债精选指数                              , false   ,    1, false, False
5ec55de5ac980c543c2d9bf25d6e423b      , ee18df0b32a1c633541f9183f2d11cac   , 中债-中高等级科技创新及绿色债券指数                                         , false   ,    1, false, False
8a8b2c83650be47401650cfc19260034      , df8adccb4bb98ce366dd1d240677ef57   , 中债-5-10年农发行债券指数                                                   , false   ,    1, false, False
8a8b2cef732135fd017322145858008e      , cef689d1888db98e4bf5bf09cdea2a50   , 中债-福建省地方政府债指数                                                   , false   ,    1, false, False
8a8b2cef75b463fb0175b62b358c009c      , 1c0d88f431bad357232deeb20e08d28f   , 中债-中信证券1-5年钢铁煤炭行业精选信用债指数                                , false   ,    1, false, False
b379a2dacd92d19ca805021c0d336ee8      , 3d22add59b29e70bf1ff34f2e2e757c8   , 中债-商业银行二级资本债券指数                                               , false   ,    1, false, False
8a8b2c8f5e303bba015e31c793b80070      , df8adccb4bb98ce366dd1d240677ef57   , 中债-7-10年农发行债券指数                                                   , false   ,    1, false, False
8a8b2cef7311c2e7017313a860bb03dc      , cef689d1888db98e4bf5bf09cdea2a50   , 中债-广西壮族自治区地方政府债指数                                           , false   ,    1, false, False
8a8b2cef76637c3a0176646257fd0014      , 1c0d88f431bad357232deeb20e08d28f   , 中债-中信证券1-3年江苏省国有企业信用债精选指数                              , false   ,    1, false, False
a096ce5c63c2a1df2240b876c868c3ed      , 3d22add59b29e70bf1ff34f2e2e757c8   , 中债-商业银行无固定期限资本债券指数                                         , false   ,    1, false, False
f1df5dcfb61be8a2fbcbc119db98b149      , ee18df0b32a1c633541f9183f2d11cac   , 中债-高等级科技创新及绿色债券指数                                           , false   ,    1, false, False
0857793c945697daf6a9873ff42825f4      , 1c0d88f431bad357232deeb20e08d28f   , 中债-中信证券高等级同业存单指数                                             , false   ,    1, false, False
865e39d03b6fd073781dbf1477a6cca1      , ee18df0b32a1c633541f9183f2d11cac   , 中债-中高等级科技创新绿色普惠主题信用债指数                                 , false   ,    1, false, False
8a8b2c83646718fb01646849d3850006      , df8adccb4bb98ce366dd1d240677ef57   , 中债-1-5年进出口行债券指数                                                  , false   ,    1, false, False
8a8b2c83655e4a3901655f9b6cde001b      , 3d22add59b29e70bf1ff34f2e2e757c8   , 中债-10年期国债及政策性银行债绿色增强指数                                   , false   ,    1, false, False
8a8b2cef732135fd017321b8405e0005      , cef689d1888db98e4bf5bf09cdea2a50   , 中债-江西省地方政府债指数                                                   , false   ,    1, false, False
61c04cb52c2decb1cbba80292ab46ccd      , ee18df0b32a1c633541f9183f2d11cac   , 中债-高等级科技创新绿色普惠主题信用债指数                                   , false   ,    1, false, False
8a8b2c8367c8455a0167cac7d9a236ca      , df8adccb4bb98ce366dd1d240677ef57   , 中债-5-10年进出口行债券指数                                                 , false   ,    1, false, False
8a8b2cef74510d2f01745168e5670004      , cef689d1888db98e4bf5bf09cdea2a50   , 中债-陕西省地方政府债指数                                                   , false   ,    1, false, False
cbfd21590b4805df8df7d9de222f8f7d      , 3d22add59b29e70bf1ff34f2e2e757c8   , 中债-高等级央企信用债精选指数                                               , false   ,    1, false, False
ece99ed16ea8c4c9d59befed1175f823      , 1c0d88f431bad357232deeb20e08d28f   , 中债-中信证券ESG优选信用债指数                                              , false   ,    1, false, False
373e09025763c56cf01201234a794658      , ee18df0b32a1c633541f9183f2d11cac   , 中债-高信用等级数字经济产业信用债指数                                       , false   ,    1, false, False
63280d1c76986d46029cfded9f33b26c      , 1c0d88f431bad357232deeb20e08d28f   , 中债-中信证券商业银行二级资本债券指数                                       , false   ,    1, false, False
8a8b2c836973b52b016976377ccb56b1      , 3d22add59b29e70bf1ff34f2e2e757c8   , 中债-1-3年高等级央企主题债券指数                                            , false   ,    1, false, False
8a8b2cef6cfe825e016cff7a0c1c28be      , df8adccb4bb98ce366dd1d240677ef57   , 中债-0-5年中国铁路债券指数                                                  , false   ,    1, false, False
8a8b2cef7456338c017457a55ccc07cc      , cef689d1888db98e4bf5bf09cdea2a50   , 中债-黑龙江省地方政府债指数                                                 , false   ,    1, false, False
05b2d2e9b40a7f2324774c0b32f8cd70      , ee18df0b32a1c633541f9183f2d11cac   , 中债-中高等级战略性新兴产业信用债指数                                       , false   ,    1, false, False
8a8b2c836859be4901685ab9e4e610b1      , df8adccb4bb98ce366dd1d240677ef57   , 中债-1-10年中国铁路债券指数                                                 , false   ,    1, false, False
8a8b2cef746080450174619484ea000c      , cef689d1888db98e4bf5bf09cdea2a50   , 中债-山西省地方政府债指数                                                   , false   ,    1, false, False
ef1df41cdb8984b3c0f8d58c603220c6      , 1c0d88f431bad357232deeb20e08d28f   , 中债-中信证券贷款基准利率RMBS指数                                           , false   ,    1, false, False
fa87c88adac6b304de5654c29b1569e1      , 3d22add59b29e70bf1ff34f2e2e757c8   , 中债-数字经济产业信用债指数                                                 , false   ,    1, false, False
3e633ffbdc4c787fdda01cda8ae32eff      , 1c0d88f431bad357232deeb20e08d28f   , 中债-中信证券贷款市场报价利率（LPR）RMBS指数                                , false   ,    1, false, False
8a8b2ca0561f2580015620aed8481153      , df8adccb4bb98ce366dd1d240677ef57   , 中债-1-30年利率债指数                                                       , false   ,    1, false, False
8a8b2cef74608045017461ccceff0073      , cef689d1888db98e4bf5bf09cdea2a50   , 中债-吉林省地方政府债指数                                                   , false   ,    1, false, False
adf7158832226e8e7361b78d0f5e4798      , ee18df0b32a1c633541f9183f2d11cac   , 中债-高等级战略性新兴产业信用债指数                                         , false   ,    1, false, False
f72725181b56144d3f9b55f1b6e60102      , 3d22add59b29e70bf1ff34f2e2e757c8   , 中债-战略性新兴产业信用债指数                                               , false   ,    1, false, False
2c9081e50e8767dc010e879d4aa80029      , df8adccb4bb98ce366dd1d240677ef57   , 中债-中短期债券指数                                                         , false   ,    1, false, False
7e400288623a2da960864fa5eef13432      , 1c0d88f431bad357232deeb20e08d28f   , 中债-中信证券绿色金融债券指数                                               , false   ,    1, false, False
8a8b2cef74608045017461d9115400c8      , cef689d1888db98e4bf5bf09cdea2a50   , 中债-甘肃省地方政府债指数                                                   , false   ,    1, false, False
d04f2fb3e1012c78b8acdecf2c93979f      , ee18df0b32a1c633541f9183f2d11cac   , 中债-高等级信用债指数                                                       , false   ,    1, false, False
2c9081e50e8767dc010e87a19da10031      , df8adccb4bb98ce366dd1d240677ef57   , 中债-长期债券指数                                                           , false   ,    1, false, False
3ba74c271eae8ffd9264611ad2ffe1b7      , 1c0d88f431bad357232deeb20e08d28f   , 中债-中信证券精选高收益债券指数                                             , false   ,    1, false, False
8a8b2cef74608045017461f9e203012a      , cef689d1888db98e4bf5bf09cdea2a50   , 中债-青海省地方政府债指数                                                   , false   ,    1, false, False
b10fd010c80946bf881ca39dca62e49a      , ee18df0b32a1c633541f9183f2d11cac   , 中债-中高等级信用债综合指数                                                 , false   ,    1, false, False
6cdea6720316fd5d69494b4bc0f8129c      , ee18df0b32a1c633541f9183f2d11cac   , 中债-中高等级信用债指数                                                     , false   ,    1, false, False
8a8b2cef74608045017461fe1768015f      , cef689d1888db98e4bf5bf09cdea2a50   , 中债-海南省地方政府债指数                                                   , false   ,    1, false, False
9c6218292a77139d38f12ac6ef85d138      , 1c0d88f431bad357232deeb20e08d28f   , 中债-中信证券久期轮动政策性金融债指数                                       , false   ,    1, false, False
dc6ace6131234422763bfb1959c0a4f7      , df8adccb4bb98ce366dd1d240677ef57   , 中债-0-1年国债及政策性金融债指数                                            , false   ,    1, false, False
0366fa8fafe2d1b12c62e4ffe11b97fe      , ee18df0b32a1c633541f9183f2d11cac   , 中债-高等级科技创新债券指数                                                 , false   ,    1, false, False
5cb7d4be4facd5353ac243620ebf2bde      , 1c0d88f431bad357232deeb20e08d28f   , 中债-中信证券个人汽车抵押贷款资产支持证券指数                               , false   ,    1, false, False
8a8b2cef7460804501746219b518020a      , cef689d1888db98e4bf5bf09cdea2a50   , 中债-宁夏回族自治区地方政府债指数                                           , false   ,    1, false, False
f6d1a716b2225ac934f06d9ae13d8522      , df8adccb4bb98ce366dd1d240677ef57   , 中债-0-2年国债及政策性金融债指数                                            , false   ,    1, false, False
11c92fe0df3940c3ea172bfec5126593      , 1c0d88f431bad357232deeb20e08d28f   , 中债-中信证券挂钩DR浮动利率政策性银行债活跃券指数                           , false   ,    1, false, False
81c8a20754c3fbd8ad0eeec92276577a      , df8adccb4bb98ce366dd1d240677ef57   , 中债-0-3年国债及政策性金融债指数                                            , false   ,    1, false, False
8a8b2cef74510d2f017453365ea0367c      , cef689d1888db98e4bf5bf09cdea2a50   , 中债-新疆维吾尔自治区地方政府债指数                                         , false   ,    1, false, False
dff644648a8a007efd6a5b94970c0b89      , ee18df0b32a1c633541f9183f2d11cac   , 中债-AAA科技创新债券指数                                                    , false   ,    1, false, False
430f1876233c711f505500edce079236      , 1c0d88f431bad357232deeb20e08d28f   , 中债-中信证券挂钩LPR浮动利率政策性银行债活跃券指数                          , false   ,    1, false, False
8a8b2cef7465a6a201746603d1a1005d      , cef689d1888db98e4bf5bf09cdea2a50   , 中债-新疆维吾尔自治区（新疆生产建设兵团）地方政府债指数                     , false   ,    1, false, False
a31060c94d1e315dee3f0cd79934c6a3      , df8adccb4bb98ce366dd1d240677ef57   , 中债-0-5年国债及政策性金融债指数                                            , false   ,    1, false, False
8a8b2cef7465a6a2017465f9dc55000a      , cef689d1888db98e4bf5bf09cdea2a50   , 中债-西藏自治区地方政府债指数                                               , false   ,    1, false, False
8a8b2cef7a4fb448017a515401a53fc4      , 1c0d88f431bad357232deeb20e08d28f   , 中债-中金公司乡村振兴信用债精选指数                                         , false   ,    1, false, False
cd1f9a95bb3410edd22b083ab4560c2e      , df8adccb4bb98ce366dd1d240677ef57   , 中债-0-7年国债及政策性金融债指数                                            , false   ,    1, false, False
8a8b2cef7224de5f0172265a948a0089      , cef689d1888db98e4bf5bf09cdea2a50   , 中债-深圳市地方政府债指数                                                   , false   ,    1, false, False
8a8b2cef783d454901783f2c468307ec      , 1c0d88f431bad357232deeb20e08d28f   , 中债-中金公司绿色资产支持证券指数                                           , false   ,    1, false, False
b86e7d63ea2cf2f8a4c0ed6f6eb29a65      , df8adccb4bb98ce366dd1d240677ef57   , 中债-0-10年国债及政策性金融债指数                                           , false   ,    1, false, False
3b824a1426bea356799ca15d730ad6d1      , 1c0d88f431bad357232deeb20e08d28f   , 中债-个人住房抵押贷款资产支持证券精选指数                                   , false   ,    1, false, False
3e1ee4bb172760bee1ec0076e0113fe4      , df8adccb4bb98ce366dd1d240677ef57   , 中债-1-3年国债及政策性金融债指数                                            , false   ,    1, false, False
8a8b2cef73077630017307dc4339007c      , cef689d1888db98e4bf5bf09cdea2a50   , 中债-宁波市地方政府债指数                                                   , false   ,    1, false, False
6b0d067864ff1675e96f3c49652fb73e      , 1c0d88f431bad357232deeb20e08d28f   , 中债-AA国有企业信用债优选指数                                               , false   ,    1, false, False
8a8b2cef7307763001730a5c824524ce      , cef689d1888db98e4bf5bf09cdea2a50   , 中债-青岛市地方政府债指数                                                   , false   ,    1, false, False
e668b4f09ed800855142c31414dc4cb8      , df8adccb4bb98ce366dd1d240677ef57   , 中债-1-5年国债及政策性金融债指数                                            , false   ,    1, false, False
0b962f8bc6aa08b50fdcea62832dba4a      , df8adccb4bb98ce366dd1d240677ef57   , 中债-3-5年国债及政策性金融债指数                                            , false   ,    1, false, False
1ec7bab38a25b6d530904cdfa7fcffb6      , 1c0d88f431bad357232deeb20e08d28f   , 中债-AA+及以上国有企业信用债优选指数                                        , false   ,    1, false, False
8a8b2cef73265c580173273fe9e2008d      , cef689d1888db98e4bf5bf09cdea2a50   , 中债-大连市地方政府债指数                                                   , false   ,    1, false, False
2639befce5706766b053a0d82393d96e      , df8adccb4bb98ce366dd1d240677ef57   , 中债-3-7年国债及政策性金融债指数                                            , false   ,    1, false, False
42e214317cbf2f5816ac98431815fa2e      , 1c0d88f431bad357232deeb20e08d28f   , 中债-中短期信用债智选指数                                                   , false   ,    1, false, False
8a8b2cef732135fd017322a8e7c80113      , cef689d1888db98e4bf5bf09cdea2a50   , 中债-厦门市地方政府债指数                                                   , false   ,    1, false, False
414780a7febc8b07d91ad2e85cdba594      , df8adccb4bb98ce366dd1d240677ef57   , 中债-5-7年国债及政策性金融债指数                                            , false   ,    1, false, False
8a8b2cef6d41750b016d4268d350000b      , cef689d1888db98e4bf5bf09cdea2a50   , 中债-0-5年超大城市地方政府债精选指数                                        , false   ,    1, false, False
8a8b2cef70315583017032cab1660018      , 1c0d88f431bad357232deeb20e08d28f   , 中债-国泰海通10年期国债期货可交割券流动性加权指数                           , false   ,    1, false, False
6e043f3a3a16fae1544d038ebdfb3bec_sczs , 1c0d88f431bad357232deeb20e08d28f   , 中债-国泰海通久期配置策略指数                                               , false   ,    1, false, False
8a8b2cef6a56baf1016a57874d5a000a      , cef689d1888db98e4bf5bf09cdea2a50   , 中债-0-5年苏浙粤地方政府债指数                                              , false   ,    1, false, False
9b5fbe4a5d1f8a413385c78a4408337b      , df8adccb4bb98ce366dd1d240677ef57   , 中债-5-10年国债及政策性金融债指数                                           , false   ,    1, false, False
80e7be43358f75d1eca575550253d025      , df8adccb4bb98ce366dd1d240677ef57   , 中债-7-10年国债及政策性金融债指数                                           , false   ,    1, false, False
83d47dbe52474822a4644f139de39430_sczs , 1c0d88f431bad357232deeb20e08d28f   , 中债-国泰海通久期稳健策略指数                                               , false   ,    1, false, False
8a8b2c8368a5b6da0168a6c3fe68002e      , cef689d1888db98e4bf5bf09cdea2a50   , 中债-0-5年江苏省地方政府债指数                                              , false   ,    1, false, False
8a8b2c8368911d5a0168927ca34b0016      , cef689d1888db98e4bf5bf09cdea2a50   , 中债-0-5年浙江省地方政府债指数                                              , false   ,    1, false, False
a53aab37ca18eeaf15c7450237ddedbb      , df8adccb4bb98ce366dd1d240677ef57   , 中债-7-30年国债及政策性金融债指数                                           , false   ,    1, false, False
7a8826fddbd3bd3535baa79312f06e1e      , df8adccb4bb98ce366dd1d240677ef57   , 中债-10年以上国债及政策性金融债指数                                         , false   ,    1, false, False
8a8b2c8365877d18016588c95af50021      , cef689d1888db98e4bf5bf09cdea2a50   , 中债-0-5年广东省地方政府债指数                                              , false   ,    1, false, False
61f69682dc3ec18fe9664ff59308314a      , df8adccb4bb98ce366dd1d240677ef57   , 中债-0-3年国债指数                                                          , false   ,    1, false, False
8a8b2cef6f590a69016f5ab8f3e1064d      , cef689d1888db98e4bf5bf09cdea2a50   , 中债-0-5年河南省地方政府债指数                                              , false   ,    1, false, False
0beafb51867009998c2f4932bf22ede3      , df8adccb4bb98ce366dd1d240677ef57   , 中债-0-5年国债指数                                                          , false   ,    1, false, False
8a8b2cef712dad2001712e02e6e80074      , cef689d1888db98e4bf5bf09cdea2a50   , 中债-0-5年四川省地方政府债指数                                              , false   ,    1, false, False
de861828ae11bc5f498a330c650fdf5a      , 1c0d88f431bad357232deeb20e08d28f   , 中债-国泰海通陕川渝国企信用增强债券精选指数                                 , false   ,    1, false, False
8a8b2cef7137f9d70171382957680002      , cef689d1888db98e4bf5bf09cdea2a50   , 中债-0-5年云南省地方政府债指数                                              , false   ,    1, false, False
a3dc0ed6ba8ab442783109d769baed5e      , 1c0d88f431bad357232deeb20e08d28f   , 中债-申万宏源ESG绿色信用债精选指数                                          , false   ,    1, false, False
cc1cfe89b0cbd0800420a0e037026407      , df8adccb4bb98ce366dd1d240677ef57   , 中债-1-3年国债指数                                                          , false   ,    1, false, False
1997fbc5e0a91db36e53c4540ae51cdd      , 1c0d88f431bad357232deeb20e08d28f   , 中债-申万宏源中小微企业主题优选信用债指数                                   , false   ,    1, false, False
7c3110e5305f9301482517066427a554      , df8adccb4bb98ce366dd1d240677ef57   , 中债-1-5年国债指数                                                          , false   ,    1, false, False
8a8b2cef7137f9d70171385f49e60087      , cef689d1888db98e4bf5bf09cdea2a50   , 中债-0-5年湖南省地方政府债指数                                              , false   ,    1, false, False
2adeb5d8aa35cbcb0ea4a05614a75a08      , 1c0d88f431bad357232deeb20e08d28f   , 中债-东方证券科技创新信用债精选指数                                         , false   ,    1, false, False
8a8b2c8367bdf89e0167c05355f201fb      , cef689d1888db98e4bf5bf09cdea2a50   , 中债-安徽省公司信用类债券指数                                               , false   ,    1, false, False
8a8b2cef6b00accd016b022cffbb0009      , cef689d1888db98e4bf5bf09cdea2a50   , 中债-广西壮族自治区公司信用类债券指数                                       , false   ,    1, false, False
8a8b2cef6dcc80c0016dcec096947ba9      , 1c0d88f431bad357232deeb20e08d28f   , 中债-中邮理财京津冀债券优选指数                                             , false   ,    1, false, False
620a74a80f9a4c91923e6f2d3366520f      , 1c0d88f431bad357232deeb20e08d28f   , 中债-中邮证券优选碳中和绿色债券指数                                         , false   ,    1, false, False
8a8b2cef6b24b94f016b2629b47d004f      , cef689d1888db98e4bf5bf09cdea2a50   , 中债-0-5年中高等级广东省公司信用类债券指数                                  , false   ,    1, false, False
2d3ac1a7ccda4e7aadc605e2b1ca0c9b      , 1c0d88f431bad357232deeb20e08d28f   , 中债-天风国际ESG优选中资美元债指数                                          , false   ,    1, false, False
8a8b2cef6bde1e40016be05e38080879      , cef689d1888db98e4bf5bf09cdea2a50   , 中债-1-3年中高等级广东省公司信用类债券指数                                  , false   ,    1, false, False
8a8b2cef6bba11bd016bbaa826ff0005      , cef689d1888db98e4bf5bf09cdea2a50   , 中债-0-5年中高等级江苏省城投类债券指数                                      , false   ,    1, false, False
8a8b2cef798c02a301798e167c770015      , 1c0d88f431bad357232deeb20e08d28f   , 中债-国联证券长三角精选短期债券平衡指数                                     , false   ,    1, false, False
9d895a4e2d56d6829590a5eb3ccf285d      , 1c0d88f431bad357232deeb20e08d28f   , 中债-国信证券深圳市国有企业信用债精选指数                                   , false   ,    1, false, False
8a8b2c83655e4a3901656044c423031b      , 1c0d88f431bad357232deeb20e08d28f   , 中债-爱建高收益债券指数                                                     , false   ,    1, false, False
f7948f9be0732d45e18f1d5c8190757f      , 1c0d88f431bad357232deeb20e08d28f   , 中债-中豫信增河南省信用债指数                                               , false   ,    1, false, False
aa0b6304e290a57bcda90e1358e13de9      , 1c0d88f431bad357232deeb20e08d28f   , 中债-天府信用增进公司增信债券指数                                           , false   ,    1, false, False
1603a6af42b3d89c9ac392772458c308      , 1c0d88f431bad357232deeb20e08d28f   , 中债-融资租赁信用债指数                                                     , false   ,    1, false, False
4fa219d5b928975ce80081984d8215e5      , 1c0d88f431bad357232deeb20e08d28f   , 中债-融资租赁资产支持证券指数                                               , false   ,    1, false, False
87963f8cbe8b5bf25e0a6afd713705f2      , 1c0d88f431bad357232deeb20e08d28f   , 中债-融资租赁绿色债券指数                                                   , false   ,    1, false, False
